image,rating,reviews_count,price,original_price,delivery_info,title,url
https://m.media-amazon.com/images/I/51p7KU7Qr3L._AC_UY218_.jpg,,,,,,,
https://m.media-amazon.com/images/I/61zW8yc4hTL._AC_UY218_.jpg,4.1 out of 5 stars,887,$199.99,$249.99,Delivery,,
https://m.media-amazon.com/images/I/613cPuOz5OL._AC_UY218_.jpg,4.3 out of 5 stars,"3,925",$69.99,$99.99,Delivery,,
https://m.media-amazon.com/images/I/71SZNup1qrL._AC_UY218_.jpg,4.4 out of 5 stars,"1,386",$239.00,$299.99,Delivery,,
https://m.media-amazon.com/images/I/91YfRIy7kYL._AC_UY218_.jpg,4.7 out of 5 stars,"34,109",$159.99,$269.99,Delivery,,
https://m.media-amazon.com/images/I/817QHxxq34L._AC_UY218_.jpg,4.5 out of 5 stars,632,$429.47,$649.99,Delivery,,
https://m.media-amazon.com/images/I/51iH8MHrCkL._AC_UY218_.jpg,4.5 out of 5 stars,"1,962",$27.49,$32.99,Delivery,,
https://m.media-amazon.com/images/I/71FbKoZ0OIL._AC_UY218_.jpg,3.8 out of 5 stars,233,$399.99,,Delivery,,
https://m.media-amazon.com/images/I/61M4PsB+WNL._AC_UY218_.jpg,4.5 out of 5 stars,"2,879",$59.00,,Delivery,,
https://m.media-amazon.com/images/I/51GobyVFywL._AC_UY218_.jpg,3.2 out of 5 stars,421,$139.99,$179.99,Delivery,,
https://m.media-amazon.com/images/I/71O3zOPM1jL._AC_UY218_.jpg,4.2 out of 5 stars,496,$159.99,$199.99,Delivery,,
https://m.media-amazon.com/images/I/41YMmnPo5ML._AC_UY218_.jpg,4.6 out of 5 stars,62,$59.99,,Delivery,,
https://m.media-amazon.com/images/I/71T3tmMx2FL._AC_UY218_.jpg,4.1 out of 5 stars,"2,052",,,,,
https://m.media-amazon.com/images/I/61-LvTH5ZrL._AC_UY218_.jpg,4.1 out of 5 stars,"1,159",,,,,
https://m.media-amazon.com/images/I/81wmp2b-ZAL._AC_UY218_.jpg,3.6 out of 5 stars,48,,,,,
https://m.media-amazon.com/images/I/71blOLk9A6L._AC_UY218_.jpg,4.7 out of 5 stars,767,$14.00,$19.99,Delivery,,
https://m.media-amazon.com/images/I/71rWgoP06gL._AC_UY218_.jpg,4.6 out of 5 stars,"1,505",$40.99,$10.25,Delivery,,
https://m.media-amazon.com/images/I/71UvozhmlRL._AC_UY218_.jpg,4.7 out of 5 stars,"91,840",$69.99,$79.99,Delivery,,
https://m.media-amazon.com/images/I/61Ud5pqlwlL._AC_UY218_.jpg,4.6 out of 5 stars,425,$69.99,,Delivery,,
https://m.media-amazon.com/images/I/612iMYtQJ3L._AC_UY218_.jpg,4.1 out of 5 stars,796,$9.99,,Delivery,,
https://m.media-amazon.com/images/I/51P3-uVa+mL._AC_UY218_.jpg,4.8 out of 5 stars,79,$72.95,$76.95,Delivery,,
https://m.media-amazon.com/images/I/61iBtxCUabL._AC_UY218_.jpg,4.4 out of 5 stars,"2,594",,,,,
https://m.media-amazon.com/images/I/61hZrbHRMWL._AC_UY218_.jpg,4.7 out of 5 stars,"24,068",,,,,
https://m.media-amazon.com/images/I/3116MYrPLyL._AC_UY218_.jpg,4.6 out of 5 stars,"67,314",$15.00,,,,
https://m.media-amazon.com/images/I/61ufE2FHl7L._AC_UY218_.jpg,4.1 out of 5 stars,"3,828",,,,,
https://m.media-amazon.com/images/I/81EBU-M8c0L._AC_UY218_.jpg,4.6 out of 5 stars,"2,206",,,,,
https://m.media-amazon.com/images/I/81vLYHVwqjL._AC_UY218_.jpg,4.7 out of 5 stars,"1,200",$699.00,$799.00,Delivery,,
https://m.media-amazon.com/images/I/61rwftkr+wL._AC_UY218_.jpg,4.7 out of 5 stars,649,$289.95,$379.00,$36.60 delivery,,
https://m.media-amazon.com/images/I/6175zcenM4L._AC_UY218_.jpg,4.8 out of 5 stars,10,$95.13,,Delivery,,
https://m.media-amazon.com/images/I/51qY0D1qC0L._AC_UY218_.jpg,4.7 out of 5 stars,513,,,,,
https://m.media-amazon.com/images/I/414C25OyjML._AC_UY218_.jpg,4.4 out of 5 stars,"89,891",$26.99,,Delivery,,
https://m.media-amazon.com/images/I/41K6b4oqxyL._AC_UY218_.jpg,4.1 out of 5 stars,"5,998",$31.95,$49.00,$14.65 delivery,,
https://m.media-amazon.com/images/I/715LHnNFNmL._AC_UY218_.jpg,4.3 out of 5 stars,"1,877",$69.99,$99.99,Delivery,,
https://m.media-amazon.com/images/I/61sNRW0jTdL._AC_UY218_.jpg,4.3 out of 5 stars,"2,731",$19.98,$28.88,Delivery,,
https://m.media-amazon.com/images/I/71KOoA8U5XL._AC_UY218_.jpg,4.5 out of 5 stars,"1,540",$139.99,$169.99,Delivery,,
https://m.media-amazon.com/images/I/51pSFMSWEiL._AC_UY218_.jpg,4.8 out of 5 stars,"7,012",$24.11,$29.00,Delivery,,
https://m.media-amazon.com/images/I/71VYn9drLkL._AC_UY218_.jpg,4.6 out of 5 stars,"2,664",$9.59,$11.99,Delivery,,
https://m.media-amazon.com/images/I/81+grid15hL._AC_UY218_.jpg,4.6 out of 5 stars,"12,122",$11.17,$18.99,Delivery,,
https://m.media-amazon.com/images/I/A1++QhsmvOL._AC_UY218_.jpg,,,$2.99,,,Your Honor (TV Series),/Your-Honor/dp/B09ZDRJCSP/ref=sr_1_2?dib=eyJ2IjoiMSJ9.v9lm2qTAqZbWX_8tlNcaqSwHe0M8tT2DknSRgMwqK7T8ROHsU7GxKgQJVwJ8ZE0-HHx2JDIgBA4tfJ281YcCnqKW-3j87BF6vd1r_0N4gIFGmuoO19wmGu7Aj2yrjFzvY20q3OKQiGt38_h-lVWrVrfHKCWj_j1CzQe0plSrEUAi_cGl0wA9iClOx8dKCTq5yhu6DspvoUgEaoD2Rtx5xf7Dg_vEvFqYcLG-_5GcaaI.L6b77SgY8bwd-7sd3BELJyKnfhZrjM8Yq1zTmq5Cbj4&dib_tag=se&keywords=Honor&qid=1738914658&sr=8-2
https://m.media-amazon.com/images/I/81thjw2C+KL._AC_UY218_.jpg,4.4 out of 5 stars,"3,047",$0.00,$17.99,Available instantly,,
https://m.media-amazon.com/images/I/91briHvUHRL._AC_UY218_.jpg,4.4 out of 5 stars,"1,318",$0.00,,Available instantly,,
https://m.media-amazon.com/images/I/71a4UtG67pL._AC_UY218_.jpg,4.8 out of 5 stars,"6,132",$3.29,,,,
https://m.media-amazon.com/images/I/91Mx83aFqJL._AC_UY218_.jpg,4.7 out of 5 stars,"2,991",$3.99,,,,
https://m.media-amazon.com/images/I/61LT1sgAPJL._AC_UY218_.jpg,5.0 out of 5 stars,1,$14.99,,Delivery,,
https://m.media-amazon.com/images/I/91UM9X51yuL._AC_UY218_.jpg,4.8 out of 5 stars,927,$10.60,$14.99,Delivery,,
https://m.media-amazon.com/images/I/91+6CYEn8pL._AC_UY218_.jpg,4.4 out of 5 stars,"2,109",$0.00,$25.79,Available instantly,,
https://m.media-amazon.com/images/I/91qzF8qgLVL._AC_UY218_.jpg,4.4 out of 5 stars,438,$14.99,$19.00,Available instantly,,
https://m.media-amazon.com/images/I/51SSTnJEU+L._AC_UY218_.jpg,4.7 out of 5 stars,"7,622",$6.99,$18.00,Available instantly,,
https://m.media-amazon.com/images/I/41hD9XJfcBL._AC_UY218_.jpg,,,$13.80,,Delivery,,
https://m.media-amazon.com/images/I/91vpX+ZR40L._AC_UY218_.jpg,4.7 out of 5 stars,69,$27.69,$39.99,Delivery,,
https://m.media-amazon.com/images/I/81G+4MzJL3L._AC_UY218_.jpg,,,$0.00,,Available instantly,,
https://m.media-amazon.com/images/I/81K0lLOQAQL._AC_UY218_.jpg,4.1 out of 5 stars,63,$20.74,$18.99,Delivery,,
https://m.media-amazon.com/images/I/91LNfKrGDgL._AC_UY218_.jpg,4.6 out of 5 stars,"1,148",$0.00,$13.00,Available instantly,,
https://m.media-amazon.com/images/I/71Woc3o049L._AC_UY218_.jpg,2.6 out of 5 stars,3,$25.30,$29.89,Delivery,,
https://m.media-amazon.com/images/I/A11q85avpnL._AC_UY218_.jpg,4.4 out of 5 stars,"1,330",$0.00,,Available instantly,,
https://m.media-amazon.com/images/I/81w3Y3mg0UL._AC_UY218_.jpg,,,$0.00,,Available instantly,,
https://m.media-amazon.com/images/I/71IMNygNjbL._AC_UY218_.jpg,4.5 out of 5 stars,94,$194.50,,Delivery,,
https://m.media-amazon.com/images/I/71X+pPP1x7L._AC_UY218_.jpg,4.5 out of 5 stars,57,$194.30,$213.36,$15.81 delivery,,
https://m.media-amazon.com/images/I/616dIiP+2NL._AC_UY218_.jpg,5.0 out of 5 stars,1,$269.00,,Delivery,,
https://m.media-amazon.com/images/I/51AgaCR-7EL._AC_UY218_.jpg,4.6 out of 5 stars,850,$193.00,,Delivery,,
https://m.media-amazon.com/images/I/71PgVXnufFL._AC_UY218_.jpg,4.2 out of 5 stars,10,$196.00,,Delivery,,
https://m.media-amazon.com/images/I/51-XHYBPO1L._AC_UY218_.jpg,4.6 out of 5 stars,987,$154.51,,Delivery,,
https://m.media-amazon.com/images/I/61+qyz+yuBL._AC_UY218_.jpg,4.8 out of 5 stars,747,$56.90,,Delivery,,
https://m.media-amazon.com/images/I/61qGjfxfLWL._AC_UY218_.jpg,4.7 out of 5 stars,360,$185.00,$299.00,Delivery,,
https://m.media-amazon.com/images/I/71u9PXWPzFL._AC_UY218_.jpg,4.8 out of 5 stars,961,$222.80,,Delivery,,
https://m.media-amazon.com/images/I/51IPkzPKHUL._AC_UY218_.jpg,4.5 out of 5 stars,"6,317",$44.90,$63.50,Delivery,,
https://m.media-amazon.com/images/I/71ZUCvYbLoL._AC_UY218_.jpg,4.7 out of 5 stars,360,$56.90,,Delivery,,
https://m.media-amazon.com/images/I/71fOUyFrONL._AC_UY218_.jpg,4.7 out of 5 stars,127,$299.99,,Delivery,,
https://m.media-amazon.com/images/I/61CWCf3EY9L._AC_UY218_.jpg,4.4 out of 5 stars,194,$79.90,$89.00,Delivery,,
https://m.media-amazon.com/images/I/510rH3D5R+L._AC_UY218_.jpg,4.5 out of 5 stars,485,$64.50,$79.00,Delivery,,
https://m.media-amazon.com/images/I/61Kc-B8m-gL._AC_UY218_.jpg,4.5 out of 5 stars,480,,,,,
https://m.media-amazon.com/images/I/71nzb0G9I6L._AC_UY218_.jpg,4.8 out of 5 stars,215,$262.00,,Delivery,,
https://m.media-amazon.com/images/I/71kdyh9VEnL._AC_UY218_.jpg,4.2 out of 5 stars,9,$420.89,,Delivery,,
https://m.media-amazon.com/images/I/61dYf1JrcXL._AC_UY218_.jpg,4.7 out of 5 stars,343,$13.99,$7.00,Delivery,,
https://m.media-amazon.com/images/I/51bdZadVHzL._AC_UY218_.jpg,4.2 out of 5 stars,16,$29.99,,Delivery,,
https://m.media-amazon.com/images/I/61gVxJTOcCL._AC_UY218_.jpg,3.8 out of 5 stars,22,$19.70,,Delivery,,
https://m.media-amazon.com/images/I/71NW2QaIzlL._AC_UY218_.jpg,4.5 out of 5 stars,703,,,,,
https://m.media-amazon.com/images/I/71slFjJerBL._AC_UY218_.jpg,4.1 out of 5 stars,303,,,,,
https://m.media-amazon.com/images/I/61aOzROrv8L._AC_UY218_.jpg,4.4 out of 5 stars,167,$145.00,$155.00,$16.39 delivery,,
https://m.media-amazon.com/images/I/61Fu+4IS11L._AC_UY218_.jpg,4.5 out of 5 stars,43,$899.99,,$18.81 delivery,,
https://m.media-amazon.com/images/I/61l+mHNIm4L._AC_UY218_.jpg,4.6 out of 5 stars,206,$249.99,$299.99,Delivery,,
https://m.media-amazon.com/images/I/61TSw1kcNlL._AC_UY218_.jpg,4.5 out of 5 stars,343,,,,,
https://m.media-amazon.com/images/I/51GwFZTvLtL._AC_UY218_.jpg,4.6 out of 5 stars,337,,,,,
https://m.media-amazon.com/images/I/51Xdv5a4cXL._AC_UY218_.jpg,4.0 out of 5 stars,703,$44.00,,Delivery,,
https://m.media-amazon.com/images/I/81LAPCJsWNL._AC_UY218_.jpg,4.2 out of 5 stars,876,$129.00,$179.99,Delivery,,
https://m.media-amazon.com/images/I/61PSwxcN8wL._AC_UY218_.jpg,4.3 out of 5 stars,439,$49.99,,Delivery,,
https://m.media-amazon.com/images/I/51UhwaQXCpL._AC_UY218_.jpg,4.2 out of 5 stars,"102,707",$46.99,,Delivery,,
https://m.media-amazon.com/images/I/61BbBAlGcqL._AC_UY218_.jpg,4.2 out of 5 stars,188,$19.98,$21.99,Delivery,,
https://m.media-amazon.com/images/I/61+KXVOLONL._AC_UY218_.jpg,5.0 out of 5 stars,3,$159.99,$179.99,$16.49 delivery,,
https://m.media-amazon.com/images/I/71SfoZu9a3L._AC_UY218_.jpg,4.3 out of 5 stars,"2,965",,,,,
https://m.media-amazon.com/images/I/5171kgKguGL._AC_UY218_.jpg,4.1 out of 5 stars,"36,867",$49.00,,Delivery,,
https://m.media-amazon.com/images/I/51NPl2yfGoL._AC_UY218_.jpg,4.3 out of 5 stars,75,$125.99,$149.99,Delivery,,
https://m.media-amazon.com/images/I/61Q+ciZKVoL._AC_UY218_.jpg,4.6 out of 5 stars,"8,693",$8.99,$1.80,Delivery,,
https://m.media-amazon.com/images/I/61i8zouQ+wL._AC_UY218_.jpg,3.8 out of 5 stars,19,$19.99,,Delivery,,
https://m.media-amazon.com/images/I/51JxfghPRwL._AC_UY218_.jpg,4.3 out of 5 stars,"1,747",$45.70,$48.50,Delivery,,
https://m.media-amazon.com/images/I/61Hx8OI1SoL._AC_UY218_.jpg,4.5 out of 5 stars,481,$51.97,$69.99,Delivery,,
https://m.media-amazon.com/images/I/61lHWNNfZFL._AC_UY218_.jpg,4.6 out of 5 stars,118,$46.99,,Delivery,,
https://m.media-amazon.com/images/I/61aUlKfrO+L._AC_UY218_.jpg,4.7 out of 5 stars,126,$49.99,,$22.29 delivery,,
https://m.media-amazon.com/images/I/414OKh3xZlL._AC_UY218_.jpg,4.5 out of 5 stars,"4,712",$61.78,,Delivery,,
https://m.media-amazon.com/images/I/71fyPNrquOL._AC_UY218_.jpg,4.3 out of 5 stars,21,,,,,
https://m.media-amazon.com/images/I/51U7MeAH4kL._AC_UY218_.jpg,4.2 out of 5 stars,449,$19.99,$24.99,$14.75 delivery,,
https://m.media-amazon.com/images/I/61dkn9TEP3L._AC_UY218_.jpg,4.6 out of 5 stars,863,$54.99,,Delivery,,
https://m.media-amazon.com/images/I/61IFYFVTzKL._AC_UY218_.jpg,4.4 out of 5 stars,"4,043",$195.99,,Delivery,,
https://m.media-amazon.com/images/I/31hUscnd1CL._AC_UY218_.jpg,4.5 out of 5 stars,872,$29.99,,Delivery,,
https://m.media-amazon.com/images/I/61t2kQ+xWdL._AC_UY218_.jpg,4.5 out of 5 stars,251,$99.99,$129.99,Delivery,,
https://m.media-amazon.com/images/I/51l33sW0GSL._AC_UY218_.jpg,4.2 out of 5 stars,"1,681",$24.69,$26.99,Delivery,,
https://m.media-amazon.com/images/I/519WXuJlUIL._AC_UY218_.jpg,4.5 out of 5 stars,241,$64.99,$74.99,$26.67 delivery,,
https://m.media-amazon.com/images/I/61OhQCN2QFL._AC_UY218_.jpg,4.1 out of 5 stars,270,$29.99,,Delivery,,
https://m.media-amazon.com/images/I/415g+aAf40L._AC_UY218_.jpg,4.3 out of 5 stars,652,$17.68,,Delivery,,
https://m.media-amazon.com/images/I/61QPebck4lL._AC_UY218_.jpg,4.3 out of 5 stars,"1,429",$44.90,,Delivery,,
https://m.media-amazon.com/images/I/81Dhb3CDMQL._AC_UY218_.jpg,4.5 out of 5 stars,45,$66.99,,Delivery,,
https://m.media-amazon.com/images/I/71oM-ntW-+L._AC_UY218_.jpg,4.6 out of 5 stars,91,$25.85,,Delivery,,
https://m.media-amazon.com/images/I/81Mya-dPIOL._AC_UY218_.jpg,4.3 out of 5 stars,"2,965",,,,,
https://m.media-amazon.com/images/I/61bFypVJVyL._AC_UY218_.jpg,4.1 out of 5 stars,528,,,,,
https://m.media-amazon.com/images/I/61S2wW8oIHL._AC_UY218_.jpg,4.3 out of 5 stars,"2,746",,,,,
https://m.media-amazon.com/images/I/51+K31jdSqL._AC_UY218_.jpg,,,,,,,
https://m.media-amazon.com/images/I/41VWAvAYwWL._AC_UY218_.jpg,4.4 out of 5 stars,"7,077",,,,,
https://m.media-amazon.com/images/I/51B42GPnCoL._AC_UY218_.jpg,4.1 out of 5 stars,385,$229.00,,$15.23 delivery,,
https://m.media-amazon.com/images/I/41kZD9bJ9QL._AC_UY218_.jpg,3.5 out of 5 stars,3,$100.59,$109.99,Delivery,,
https://m.media-amazon.com/images/I/61YH+VmvQwL._AC_UY218_.jpg,4.4 out of 5 stars,"8,414",$119.00,$199.99,Delivery,,
https://m.media-amazon.com/images/I/61GWeXVQSdL._AC_UY218_.jpg,4.1 out of 5 stars,"3,322",$153.20,,Delivery,,
https://m.media-amazon.com/images/I/51Nsm1pGJzL._AC_UY218_.jpg,3.6 out of 5 stars,8,$129.99,$149.99,Delivery,,
https://m.media-amazon.com/images/I/71InxCkBBcL._AC_UY218_.jpg,4.3 out of 5 stars,"7,144",$9.99,$11.99,Delivery,,
https://m.media-amazon.com/images/I/510wm50VDHL._AC_UY218_.jpg,4.1 out of 5 stars,305,$99.98,,Delivery,,
https://m.media-amazon.com/images/I/41ZusOvkDDL._AC_UY218_.jpg,4.8 out of 5 stars,54,$27.75,$29.99,$15.46 delivery,,
https://m.media-amazon.com/images/I/51yJEThe2BL._AC_UY218_.jpg,4.3 out of 5 stars,"1,184",$26.45,$34.99,Delivery,,
https://m.media-amazon.com/images/I/61W88zdNSXL._AC_UY218_.jpg,4.5 out of 5 stars,90,$68.59,$99.99,$33.78 delivery,,
https://m.media-amazon.com/images/I/71EL3KInR4L._AC_UY218_.jpg,4.4 out of 5 stars,"21,155",$9.99,,Delivery,,
https://m.media-amazon.com/images/I/71vxyxHeABL._AC_UY218_.jpg,4.2 out of 5 stars,269,$18.99,,$15.23 delivery,,
https://m.media-amazon.com/images/I/61zXqh4IbZL._AC_UY218_.jpg,4.5 out of 5 stars,45,$18.99,,Delivery,,
https://m.media-amazon.com/images/I/71B+RJte8-L._AC_UY218_.jpg,3.1 out of 5 stars,27,$15.99,,Delivery,,
